[cybersecurity],,,,,,,,Exact Specific Negative Keywords Explicitly Recommended,,,,,,Competitor Brand Negatives
[cyber security],,,,,,,,Competitor Brand Negatives:,,,,,,Add to Competitors List:
[cybersecurity for small businesses],,,,,,,,thrivenetworks,,,,,,g6 communications
[cyber security insurance for businesses],,,,,,,,thrive networks,,,,,,g6communications
[manage cyber security],,,,,,,,spsglobal,,,,,,g6 networks
[computer cyber security],,,,,,,,sps global,,,,,,g-6 communications
[cyber security cyber security],,,,,,,,titanium it (verify first),,,,,,Near-Me Residential Negatives
[msp cybersecurity],,,,,,,,Wrong Product / Residential / Near Me:,,,,,,Add to MSPL: Excluded Search Terms:
[cybersecurity consultant],,,,,,,,ipm support,,,,,,it services near me
[cybersecurity michigan],,,,,,,,it msps near me,,,,,,it support for small business near me
[cybersecurity experts near me],,,,,,,,cybersecurity firms near me,,,,,,it msp near me
[cyber security experts near me],,,,,,,,it company near me,,,,,,managed it service providers near me
[cybersecurity services],,,,,,,,helpdesk me,,,,,,Generic Waste / Conditional Negatives
[computer security],,,,,,,,Job Seeker:,,,,,,Review for qualifier or negation:
[cybersecurity service],,,,,,,,it support specialist,,,,,,managed it solutions
[managed cybersecurity],,,,,,,,Existing Already Blocked Competitor Terms:,,,,,,
[cyber insurance],,,,,,,,nijaone,,,,,,
"""cybersecurity""",,,,,,,,dtsi,,,,,,
"""cyber security insurance""",,,,,,,,Exact Keyword List Summary from B.4:,,,,,,
"""cybersecurity consultant""",,,,,,,,Add to Competitors List:,,,,,,
"""cybersecurity services""",,,,,,,,thrivenetworks,,,,,,
,,,,,,,,thrive networks,,,,,,
"--- HELP DESK / TECH SUPPORT (close-variant plugs, $913 wasted) ---",,,,,,,,spsglobal,,,,,,
,,,,,,,,sps global,,,,,,
[help desk],,,,,,,,titanium it (human verification recommended),,,,,,
[helpdesk],,,,,,,,Add to MSPL: Excluded Search Terms:,,,,,,
[it help desk],,,,,,,,ipm support,,,,,,Exact Actionable Summary from the Doc:
[tech help],,,,,,,,it msps near me,,,,,,1 Competitor brand:
[tech help desk],,,,,,,,cybersecurity firms near me,,,,,,g6 communications (+ variants)
[helpdesk me],,,,,,,,it company near me,,,,,,4 Residential “near me” negatives:
[help desk near me],,,,,,,,helpdesk me,,,,,,it services near me
[computer help near me],,,,,,,,Add to New MSPL: Job Seekers:,,,,,,it support for small business near me
[it computer help near me],,,,,,,,it support specialist,,,,,,it msp near me
[help desk support],,,,,,,,Structural Cleanup Suggestions:,,,,,,managed it service providers near me
[helpdesk software],,,,,,,,,,,,,,Important:
[help desk software],,,,,,,,,,,,,,These are ADD as negatives:
[help desk solutions],,,,,,,,,,,,,,g6 communications
"""help desk""",,,,,,,,Highest Priority Exact Negatives from this Audit:,,,,,,g6communications
"""helpdesk""",,,,,,,,thrivenetworks,,,,,,g6 networks
,,,,,,,,thrive networks,,,,,,g-6 communications
--- COMPETITOR BRAND NAMES ($879 wasted) ---,,,,,,,,spsglobal,,,,,,it services near me
,,,,,,,,sps global,,,,,,it support for small business near me
[acumera tech support],,,,,,,,titanium it,,,,,,it msp near me
[acumera],,,,,,,,ipm support,,,,,,managed it service providers near me
[aka prosupport],,,,,,,,it msps near me,,,,,,Additional Portfolio Structural Negative Suggestion:
[microtech services],,,,,,,,cybersecurity firms near me,,,,,,Build / add MSPL: Job Seekers list
[microtech],,,,,,,,it company near me,,,,,,Highest-Impact Confirmed Negative Suggestions:
[veesion price],,,,,,,,helpdesk me,,,,,,g6 communications
[veesion],,,,,,,,it support specialist,,,,,,g6communications
[channele2e],,,,,,,,,,,,,,g6 networks
[crexendo support],,,,,,,,,,,,,,g-6 communications
[crexendo],,,,,,,,,,,,,,it services near me
[zimcom support],,,,,,,,,,,,,,it support for small business near me
[zimcom],,,,,,,,,,,,,,it msp near me
[by light professional it],,,,,,,,,,,,,,managed it service providers near me
[by light],,,,,,,,,,,,,,
[ait chesterfield mi],,,,,,,,,,,,,,
[hfb tech llc],,,,,,,,,,,,,,Add these confirmed negatives:
[hfb tech],,,,,,,,,,,,,,tech support
[appnor msp],,,,,,,,,,,,,,it help desk
[appnor],,,,,,,,,,,,,,computer security services near me
[executtech],,,,,,,,,,,,,,it providers near me
[the20msp],,,,,,,,,,,,,,computer help near me
[the20],,,,,,,,,,,,,,it solution near me
[govincorp],,,,,,,,,,,,,,msp near me
[jdctech],,,,,,,,,,,,,,
[vigilant cyber security],,,,,,,,,,,,,,
[azcomp help],,,,,,,,,,,,,,
[azcomp],,,,,,,,,,,,,,
[aaru tech consultancy],,,,,,,,,,,,,,
[aaru],,,,,,,,,,,,,,
[blackpanda],,,,,,,,,,,,,,
[pll protect],,,,,,,,,,,,,,
[eapps tech llc],,,,,,,,,,,,,,
[eapps],,,,,,,,,,,,,,
[loretta technologies],,,,,,,,,,,,,,
[loretta],,,,,,,,,,,,,,
[thetris],,,,,,,,,,,,,,
[infor it],,,,,,,,,,,,,,
[affinity it services],,,,,,,,,,,,,,
[aperion technologies],,,,,,,,,,,,,,
,,,,,,,,,,,,,,
--- MISSING BROAD NEGATIVES (preventive) ---,,,,,,,,,,,,,,
,,,,,,,,,,,,,,
insurance,,,,,,,,,,,,,,
salary,,,,,,,,,,,,,,
training,,,,,,,,,,,,,,
course,,,,,,,,,,,,,,
resume,,,,,,,,,,,,,,
costs,,,,,,,,,,,,,,
price,,,,,,,,,,,,,,
how much,,,,,,,,,,,,,,
vcio,,,,,,,,,,,,,,
logistics,,,,,,,,,,,,,,
manufacturing,,,,,,,,,,,,,,
,,,,,,,,,,,,,,
--- MISSING PHRASE NEGATIVES ---,,,,,,,,,,,,,,
,,,,,,,,,,,,,,
"""cloud services""",,,,,,,,,,,,,,
"""it consulting""",,,,,,,,,,,,,,
"""it advisors""",,,,,,,,,,,,,,
"""it security""",,,,,,,,,,,,,,
"""it for logistics""",,,,,,,,,,,,,,
"""it for manufacturing""",,,,,,,,,,,,,,
,,,,,,,,,,,,,,
--- LOW-INTENT GENERIC TERMS ---,,,,,,,,,,,,,,
,,,,,,,,,,,,,,
[tech companies in michigan],,,,,,,,,,,,,,
[it company],,,,,,,,,,,,,,
[it solution company],,,,,,,,,,,,,,
[it service management companies],,,,,,,,,,,,,,
[it person near me],,,,,,,,,,,,,,
[it near me],,,,,,,,,,,,,,
[its msp],,,,,,,,,,,,,,
[tech it],,,,,,,,,,,,,,
[it supports],,,,,,,,,,,,,,
[small business it support costs],,,,,,,,,,,,,,
[24 7 it services wixom],,,,,,,,,,,,,,
[we can do it consulting],,,,,,,,,,,,,,
[tech experts monroe mi],,,,,,,,,,,,,,
[small business managed services],,,,,,,,,,,,,,
[24 hour it support],,,,,,,,,,,,,,
[it consultant near me],,,,,,,,,,,,,,
,,,,,,,,,,,,,,
,,,,,,,,,,,,,,
it help desk interview questions,,,,,,,,,,,,,,
detroit managed service provider,,,,,,,,,,,,,,
is it permanent,,,,,,,,,,,,,,
stop it get some help download,,,,,,,,,,,,,,
hrblock,,,,,,,,,,,,,,
,,,,,,,,,,,,,,
Exact Specific Negative Keywords Explicitly Recommended:,,,,,,,,,,,,,,
Insurance / Wrong Product Intent:,,,,,,,,,,,,,,
cyber security insurance,,,,,,,,,,,,,,
cybersecurity insurance,,,,,,,,,,,,,,
cyber insurance for business,,,,,,,,,,,,,,
cyber liability insurance,,,,,,,,,,,,,,
insurance,,,,,,,,,,,,,,
Competitor / Brand Exclusions:,,,,,,,,,,,,,,
crexendo,,,,,,,,,,,,,,
crexendo support,,,,,,,,,,,,,,
executtech,,,,,,,,,,,,,,
hfb tech llc,,,,,,,,,,,,,,
helpdesk me,,,,,,,,,,,,,,
channele2e,,,,,,,,,,,,,,
aperion technologies (verify first before excluding due to conversion),,,,,,,,,,,,,,
Residential / Consumer Intent:,,,,,,,,,,,,,,
computer services near me,,,,,,,,,,,,,,
business it near me,,,,,,,,,,,,,,
computer help near me,,,,,,,,,,,,,,
cyber security experts near me,,,,,,,,,,,,,,
it near me,,,,,,,,,,,,,,
Job Seeker / Research / Price Shopper:,,,,,,,,,,,,,,
it help desk,,,,,,,,,,,,,,
small business it support costs,,,,,,,,,,,,,,
Broad / Generic Waste Terms Suggested for Exclusion or Exact-Match Restriction:,,,,,,,,,,,,,,
cyber security,,,,,,,,,,,,,,
cybersecurity,,,,,,,,,,,,,,
computer security,,,,,,,,,,,,,,
,,,,,,,,,,,,,,
Immediate Portfolio-Wide Negative Root Patterns:,,,,,,,,,,,,,,
Suggested broad exclusions:,,,,,,,,,,,,,,
insurance,,,,,,,,,,,,,,
near me (for residential/computer help patterns),,,,,,,,,,,,,,
costs,,,,,,,,,,,,,,
support (for competitor/service mismatches where applicable),,,,,,,,,,,,,,
Key Strategic Actions:,,,,,,,,,,,,,,
Highest-Impact Exact Negative Terms from this audit:,,,,,,,,,,,,,,
cyber security insurance,,,,,,,,,,,,,,
cybersecurity insurance,,,,,,,,,,,,,,
cyber insurance for business,,,,,,,,,,,,,,
cyber liability insurance,,,,,,,,,,,,,,
insurance,,,,,,,,,,,,,,
crexendo,,,,,,,,,,,,,,
crexendo support,,,,,,,,,,,,,,
executtech,,,,,,,,,,,,,,
hfb tech llc,,,,,,,,,,,,,,
helpdesk me,,,,,,,,,,,,,,
channele2e,,,,,,,,,,,,,,
computer services near me,,,,,,,,,,,,,,
business it near me,,,,,,,,,,,,,,
computer help near me,,,,,,,,,,,,,,
cyber security experts near me,,,,,,,,,,,,,,
it near me,,,,,,,,,,,,,,
small business it support costs,,,,,,,,,,,,,,