Category,Keyword,Match Type,Notes
Competitor Brands,acumera tech support,Exact,
Competitor Brands,acumera,Exact,
Competitor Brands,aka prosupport,Exact,
Competitor Brands,microtech services,Exact,
Competitor Brands,microtech,Exact,
Competitor Brands,veesion price,Exact,
Competitor Brands,veesion,Exact,
Competitor Brands,channele2e,Exact,
Competitor Brands,crexendo support,Exact,
Competitor Brands,crexendo,Exact,
Competitor Brands,zimcom support,Exact,
Competitor Brands,zimcom,Exact,
Competitor Brands,by light professional it,Exact,
Competitor Brands,by light,Exact,
Competitor Brands,ait chesterfield mi,Exact,
Competitor Brands,hfb tech llc,Exact,
Competitor Brands,hfb tech,Exact,
Competitor Brands,appnor msp,Exact,
Competitor Brands,appnor,Exact,
Competitor Brands,executtech,Exact,
Competitor Brands,the20msp,Exact,
Competitor Brands,the20,Exact,
Competitor Brands,govincorp,Exact,
Competitor Brands,jdctech,Exact,
Competitor Brands,vigilant cyber security,Exact,
Competitor Brands,azcomp help,Exact,
Competitor Brands,azcomp,Exact,
Competitor Brands,aaru tech consultancy,Exact,
Competitor Brands,aaru,Exact,
Competitor Brands,blackpanda,Exact,
Competitor Brands,pll protect,Exact,
Competitor Brands,eapps tech llc,Exact,
Competitor Brands,eapps,Exact,
Competitor Brands,loretta technologies,Exact,
Competitor Brands,loretta,Exact,
Competitor Brands,thetris,Exact,
Competitor Brands,infor it,Exact,
Competitor Brands,affinity it services,Exact,
Competitor Brands,aperion technologies,Exact,Verify before excluding — has conversions
Competitor Brands,titanium it,Exact,Human verification recommended
Competitor Brands,thrivenetworks,Exact,
Competitor Brands,thrive networks,Exact,
Competitor Brands,spsglobal,Exact,
Competitor Brands,sps global,Exact,
Competitor Brands,ipm support,Exact,
Competitor Brands,g6 communications,Exact,
Competitor Brands,g6communications,Exact,
Competitor Brands,g6 networks,Exact,
Competitor Brands,g-6 communications,Exact,
Cybersecurity Wrong Intent,cybersecurity,Exact,
Cybersecurity Wrong Intent,cyber security,Exact,
Cybersecurity Wrong Intent,cybersecurity for small businesses,Exact,
Cybersecurity Wrong Intent,cyber security insurance for businesses,Exact,
Cybersecurity Wrong Intent,manage cyber security,Exact,
Cybersecurity Wrong Intent,computer cyber security,Exact,
Cybersecurity Wrong Intent,cyber security cyber security,Exact,
Cybersecurity Wrong Intent,msp cybersecurity,Exact,
Cybersecurity Wrong Intent,cybersecurity consultant,Exact,
Cybersecurity Wrong Intent,cybersecurity michigan,Exact,
Cybersecurity Wrong Intent,cybersecurity experts near me,Exact,
Cybersecurity Wrong Intent,cyber security experts near me,Exact,
Cybersecurity Wrong Intent,cybersecurity services,Exact,
Cybersecurity Wrong Intent,computer security,Exact,
Cybersecurity Wrong Intent,cybersecurity service,Exact,
Cybersecurity Wrong Intent,managed cybersecurity,Exact,
Cybersecurity Wrong Intent,cyber insurance,Exact,
Cybersecurity Wrong Intent,cybersecurity,Phrase,
Cybersecurity Wrong Intent,cyber security insurance,Phrase,
Cybersecurity Wrong Intent,cybersecurity consultant,Phrase,
Cybersecurity Wrong Intent,cybersecurity services,Phrase,
Help Desk / Tech Support,help desk,Exact,
Help Desk / Tech Support,helpdesk,Exact,
Help Desk / Tech Support,it help desk,Exact,
Help Desk / Tech Support,tech help,Exact,
Help Desk / Tech Support,tech help desk,Exact,
Help Desk / Tech Support,helpdesk me,Exact,
Help Desk / Tech Support,help desk near me,Exact,
Help Desk / Tech Support,computer help near me,Exact,
Help Desk / Tech Support,it computer help near me,Exact,
Help Desk / Tech Support,help desk support,Exact,
Help Desk / Tech Support,helpdesk software,Exact,
Help Desk / Tech Support,help desk software,Exact,
Help Desk / Tech Support,help desk solutions,Exact,
Help Desk / Tech Support,help desk,Phrase,
Help Desk / Tech Support,helpdesk,Phrase,
Near-Me Residential,it services near me,Exact,
Near-Me Residential,it support for small business near me,Exact,
Near-Me Residential,it msp near me,Exact,
Near-Me Residential,managed it service providers near me,Exact,
Near-Me Residential,cybersecurity firms near me,Exact,
Near-Me Residential,it company near me,Exact,
Near-Me Residential,it person near me,Exact,
Near-Me Residential,it near me,Exact,
Near-Me Residential,it consultant near me,Exact,
Near-Me Residential,computer help near me,Exact,
Job Seekers,it support specialist,Exact,
Job Seekers,it help desk interview questions,Broad,
Job Seekers,is it permanent,Broad,
Job Seekers,stop it get some help download,Broad,
Job Seekers,it help desk,Exact,
Low-Intent Generic,tech companies in michigan,Exact,
Low-Intent Generic,it company,Exact,
Low-Intent Generic,it solution company,Exact,
Low-Intent Generic,it service management companies,Exact,
Low-Intent Generic,its msp,Exact,
Low-Intent Generic,tech it,Exact,
Low-Intent Generic,it supports,Exact,
Low-Intent Generic,small business it support costs,Exact,
Low-Intent Generic,24 7 it services wixom,Exact,
Low-Intent Generic,we can do it consulting,Exact,
Low-Intent Generic,tech experts monroe mi,Exact,
Low-Intent Generic,small business managed services,Exact,
Low-Intent Generic,24 hour it support,Exact,
Low-Intent Generic,detroit managed service provider,Broad,
Low-Intent Generic,hrblock,Broad,
Low-Intent Generic,cloud services,Phrase,
Low-Intent Generic,it consulting,Phrase,
Low-Intent Generic,it advisors,Phrase,
Low-Intent Generic,it security,Phrase,
Low-Intent Generic,it for logistics,Phrase,
Low-Intent Generic,it for manufacturing,Phrase,
Insurance / Wrong Product,cyber security insurance,Exact,
Insurance / Wrong Product,cybersecurity insurance,Exact,
Insurance / Wrong Product,cyber insurance for business,Exact,
Insurance / Wrong Product,cyber liability insurance,Exact,
Insurance / Wrong Product,insurance,Broad,
Price / Research Intent,small business it support costs,Exact,
Price / Research Intent,costs,Broad,
Price / Research Intent,price,Broad,
Price / Research Intent,how much,Broad,
Price / Research Intent,salary,Broad,
Price / Research Intent,resume,Broad,
Unrelated Verticals,vcio,Broad,
Unrelated Verticals,logistics,Broad,
Unrelated Verticals,manufacturing,Broad,
Unrelated Verticals,training,Broad,
Unrelated Verticals,course,Broad,
